id,youtube_id,player,sex,club,view,slow,events_1,events_2,events_3,events_4,events_5,events_6,events_7,events_8,events_9,events_10,bbox_1,bbox_2,bbox_3,bbox_4,split
8,-M5SITXMA2Y,CRISTIE KERR,f,driver,face-on,0,288,317,333,335,347,352,355,357,371,401,0.000781250000000011,0.000694444444444444,0.91875,1,4
10,gOBVh7fzyZo,STEVE STRICKER,m,driver,face-on,0,395,475,488,492,499,504,507,509,524,563,0.10625,0.000694444444444444,0.80078125,1,1
14,vN3Uc_EhnnY,GREG NORMAN,m,driver,face-on,0,457,497,513,515,523,527,531,533,546,569,0.05234375,0.000694444444444444,0.85078125,1,2
19,iW323nsTGtU,HYO JOO KIM,f,driver,face-on,0,271,310,328,333,344,348,352,355,377,437,0.0734375,0.000694444444444444,0.8328125,1,3
21,xD6KDqPF9cc,TIGER WOODS,m,iron,face-on,0,211,248,261,264,272,275,278,280,299,329,0.090625,0.000694444444444444,0.7046875,1,2
25,pxO_eGmiDFk,PORNANONG PHATLUM,f,driver,face-on,0,301,338,362,370,379,383,387,389,407,467,0.05625,0.000694444444444444,0.77890625,0.953472222222222,3
27,2Us2Zx_S6hI,ANGEL YIN,f,iron,face-on,0,301,331,341,345,354,358,361,364,379,423,0.171875,0.000694444444444444,0.653125,0.900694444444444,3
29,B1uIW4LN16Q,BRANFORD MARSALIS,m,driver,face-on,0,245,285,303,305,317,322,325,327,373,396,0.08203125,0.0333333333333333,0.69453125,0.967361111111111,1
41,j6h-3Ez0714,COLIN MONTGOMERIE,m,driver,face-on,0,277,298,311,315,325,328,332,334,358,399,0.08046875,0.000694444444444444,0.79765625,0.979861111111111,2
42,j6h-3Ez0714,COLIN MONTGOMERIE,m,fairway,face-on,0,832,886,897,902,911,915,919,921,945,981,0.090625,0.00277777777777778,0.82734375,0.997916666666667,2
51,kSCTyo10cnU,BROOKE HENDERSON,f,driver,face-on,0,301,611,632,637,646,650,654,656,671,712,0.05078125,0.00138888888888889,0.8,0.997222222222222,2
60,TH7DFdUqV0U,HA NA JANG,f,driver,face-on,0,241,291,306,312,321,327,331,333,347,375,0.071875,0.000694444444444444,0.86328125,0.974305555555556,4
66,8n9BBNEj3yk,LYDIA KO,f,iron,face-on,0,751,813,829,834,843,847,850,853,875,919,0.15703125,0.000694444444444444,0.7328125,1,2
72,FPvudrvNw6A,JESSICA KORDA,f,driver,face-on,0,422,445,468,475,485,488,492,494,512,547,0.000390625,0.000694444444444444,0.497265625,1,2
74,UZ9f9sukG3A,INBEE PARK,f,driver,face-on,0,541,586,612,622,636,641,645,647,679,739,0.084375,0.00138888888888889,0.82890625,0.999305555555556,4
84,WeeSVhfc-iw,ANGEL YIN,f,iron,face-on,0,211,257,270,274,282,286,290,293,305,395,0.1640625,0.00138888888888889,0.6953125,0.934722222222222,1
98,NhB8KnoufLI,PORNANONG PHATLUM,f,iron,face-on,0,511,538,566,576,586,591,595,598,615,647,0.15234375,0.000694444444444444,0.70234375,1,1
102,r9Nfuhb0aYw,IN-GEE CHUN,f,driver,face-on,0,361,398,416,423,436,440,444,447,469,496,0.0703125,0.00138888888888889,0.80078125,0.999305555555556,3
110,bF8A2zdAfAs,JASON DUFNER,m,iron,face-on,0,234,427,435,439,443,446,449,452,462,560,0.14375,0.000694444444444444,0.7765625,0.928472222222222,4
114,04d08bM6-6U,EUN-HEE JI,f,iron,face-on,0,651,672,719,741,779,795,809,821,899,972,0.21171875,0.0875,0.59609375,0.894444444444444,3
115,04d08bM6-6U,EUN-HEE JI,f,iron,face-on,0,3150,3191,3202,3209,3217,3221,3225,3236,3301,3374,0.2125,0.05,0.6,0.920833333333333,3
116,0fJeBnmMKUw,LYDIA KO,f,iron,face-on,0,680,793,811,817,826,829,832,835,881,992,0.18125,0.000694444444444444,0.64296875,0.989583333333333,1
118,0fJeBnmMKUw,LYDIA KO,f,iron,face-on,0,3810,3828,3845,3852,3861,3863,3867,3880,3993,4034,0.17734375,0.000694444444444444,0.6515625,0.990972222222222,1
127,TxtHgPKarMA,STACY LEWIS,f,driver,face-on,0,221,254,271,275,285,289,292,295,313,375,0.000390625,0.000694444444444444,0.951953125,0.996527777777778,4
148,l1KSnwqLgec,GARY WOODLAND,m,iron,face-on,0,2349,2402,2418,2424,2432,2436,2439,2442,2462,2498,0.21875,0.0138888888888889,0.5078125,0.863888888888889,2
150,9vZrL5oMCrc,CHARLEY HULL,f,driver,face-on,0,138,141,154,158,166,168,172,174,191,222,0.1015625,0.000694444444444444,0.80859375,0.98125,3
152,dWiFxa67RYE,ANGEL YIN,f,driver,face-on,0,103,208,222,225,232,238,242,244,256,286,0.07265625,0.000694444444444444,0.865625,0.967361111111111,4
156,nFTbqjkDm1k,MICHELLE WIE,f,driver,face-on,0,518,537,549,555,560,564,567,569,583,614,0.06796875,0.000694444444444444,0.846875,0.996527777777778,3
160,nFTbqjkDm1k,MICHELLE WIE,f,driver,face-on,0,2996,3028,3040,3045,3051,3054,3058,3060,3076,3111,0.08515625,0.000694444444444444,0.78515625,0.939583333333333,3
169,GQHjogbNFWU,CURTIS STRANGE,m,driver,face-on,0,1581,1584,1593,1598,1605,1610,1614,1616,1641,1671,0.0703125,0.00277777777777778,0.84453125,0.997916666666667,2
175,3zZXUQywgSw,BROOKE HENDERSON,f,driver,face-on,0,3389,3418,3437,3440,3449,3454,3458,3460,3475,3609,0.07265625,0.000694444444444444,0.84375,0.963194444444444,3
176,n1r99BGuW8k,CHARLES HOWELL,m,driver,face-on,0,699,982,996,1000,1007,1010,1014,1016,1030,1119,0.10234375,0.000694444444444444,0.72890625,0.997916666666667,3
187,HPZzeUKqNXA,SHANSHAN FENG,f,driver,face-on,0,211,784,805,812,819,823,827,829,844,937,0.11796875,0.000694444444444444,0.79375,0.995138888888889,2
188,3wru0WH0buk,ARIYA JUTANUGARN,f,fairway,face-on,0,151,351,370,374,382,386,389,391,405,496,0.128125,0.000694444444444444,0.83046875,0.989583333333333,4
190,3nG1ugrwzH8,GARY WOODLAND,m,iron,face-on,0,1353,1594,1610,1615,1624,1627,1630,1633,1651,1773,0.209375,0.0152777777777778,0.5109375,0.838888888888889,1
195,odLnWGQnX0g,ANNA NORDQVIST,f,driver,face-on,0,61,263,278,284,291,293,297,300,314,385,0.06015625,0.000694444444444444,0.8625,0.997916666666667,3
204,PlSBuqG15oA,SO YEON RYU,f,driver,face-on,0,181,403,415,424,432,435,439,442,469,561,0.103125,0.000694444444444444,0.7578125,0.960416666666667,2
208,PSlxXjIz8b0,LYDIA KO,f,driver,face-on,0,2219,2257,2273,2279,2291,2296,2300,2302,2330,2467,0.1390625,0.00694444444444444,0.6640625,0.911111111111111,4
223,R-Td093M7X8,CHARLES HOWELL,m,driver,face-on,0,422,442,457,461,469,473,476,478,494,584,0.1765625,0.000694444444444444,0.78359375,0.99375,4
224,R-Td093M7X8,CHARLES HOWELL,m,driver,face-on,0,976,1265,1279,1284,1290,1294,1298,1299,1315,1436,0.10234375,0.000694444444444444,0.81328125,0.971527777777778,4
229,37YZm9oCFnU,PATRICK REED,m,driver,face-on,0,125,146,156,160,170,176,179,181,207,269,0.19453125,0.000694444444444444,0.68203125,0.978472222222222,4
231,48n2VHciI7k,LYDIA KO,f,driver,face-on,0,211,344,365,372,386,392,395,398,420,480,0.14765625,0.000694444444444444,0.6578125,0.959027777777778,1
237,QDI0Cve7kes,IAN POULTER,m,driver,face-on,0,301,342,352,356,362,366,370,371,384,444,0.11328125,0.000694444444444444,0.7859375,1,1
244,HdxziXkorhw,INBEE PARK,f,driver,face-on,0,117,235,263,273,286,289,293,295,317,438,0.50234375,0.000694444444444444,0.498046875,1,1
248,eYdz7xgwMxg,JERRY KELLY,m,driver,face-on,0,442,448,463,470,480,484,487,490,506,569,0.040625,0.000694444444444444,0.94375,1,2
256,UVnNv2eW4gQ,LYDIA KO,f,driver,face-on,0,312,554,572,580,594,599,603,605,628,688,0.00390625,0.0166666666666667,0.5,0.984027777777778,1
257,UVnNv2eW4gQ,MICHELLE WIE,f,driver,face-on,0,509,553,564,569,576,579,583,585,605,699,0.5,0.000694444444444444,0.500390625,1,1
268,-wg8m-A0hx4,JENNY SHIN,f,driver,face-on,0,121,169,182,186,196,201,205,207,227,286,0.08984375,0.000694444444444444,0.7796875,1,4
271,M0_iWxqd7fY,NELLY KORDA,f,fairway,face-on,0,121,159,177,183,193,197,200,202,220,250,0.0779296875000001,0.000694444444444444,0.82734375,1,4
273,bj4Gc7jm5hY,RETIEF GOOSEN,m,driver,face-on,0,181,202,213,217,226,229,233,235,253,383,0.10703125,0.000694444444444444,0.72421875,0.947916666666667,2
275,eNlVKKM8bGk,INBEE PARK,f,driver,face-on,0,335,352,371,378,389,395,398,400,424,487,0.000390625,0.000694444444444444,0.499609375,0.950694444444444,1
276,eNlVKKM8bGk,INBEE PARK,f,driver,face-on,0,337,353,379,393,407,411,414,417,443,478,0.5,0.000694444444444444,0.500390625,0.939583333333333,1
277,eNlVKKM8bGk,LYDIA KO,f,driver,face-on,0,572,602,672,701,747,769,782,791,866,986,0.000390625,0.000694444444444444,0.499609375,0.942361111111111,1
279,7GE3fgp9vkA,HYO JOO KIM,f,fairway,face-on,0,430,453,468,473,484,490,494,496,514,574,0.0708984375000001,0.00173611111111127,0.851953125,0.99375,4
281,bwAvpekt8xY,BRANDT SNEDEKER,m,iron,face-on,0,571,610,618,622,628,632,636,638,664,817,0.15625,0.000694444444444444,0.75390625,0.924305555555556,2
283,QfkWGAgwSkc,INBEE PARK,f,driver,face-on,0,329,357,385,395,410,414,418,420,446,566,0.0791015625000001,0.000694444444444444,0.805078125,1,1
285,I-c6vXttAAg,KEEGAN BRADLEY,m,driver,face-on,0,173,174,186,191,200,205,208,210,222,273,0.000390625,0.00173611111111127,0.9470703125,0.998958333333333,3
287,Xx4vxPvunuk,JIN YOUNG KO,f,driver,face-on,0,361,363,380,388,396,402,406,408,430,580,0.0298828125000001,0.000694444444444444,0.948046875,1,1
297,7H8B3KRzysk,LEXI THOMPSON,f,driver,face-on,0,242,321,332,336,345,349,353,355,370,430,0.08828125,0.000694444444444444,0.7609375,0.938194444444444,4
298,7H8B3KRzysk,LEXI THOMPSON,f,driver,face-on,0,1278,1313,1323,1328,1337,1340,1344,1346,1371,1402,0.06484375,0.000694444444444444,0.86796875,0.972916666666667,4
302,DCPGEStQ12o,CHRISTINA KIM,f,driver,face-on,0,331,357,368,373,381,385,388,391,413,536,0.06640625,0.000694444444444444,0.72890625,0.975694444444444,3
310,4IKdpu5pcm4,DANIEL BERGER,m,iron,face-on,0,91,340,350,354,362,368,371,373,387,507,0.1763671875,0.000694444444444444,0.753515625,0.955208333333333,3
328,fjwo733iNm8,MICHELLE WIE,f,driver,face-on,0,271,309,322,328,336,339,343,345,362,422,0.0533203125000001,0.000694444444444444,0.894140625,1,1
336,igqba4C0O-4,GRAEME MCDOWELL,m,driver,face-on,0,403,418,429,434,440,442,446,448,459,525,0.0345703125000001,0.000694444444444444,0.912890625,1,2
338,igqba4C0O-4,GRAEME MCDOWELL,m,driver,face-on,0,2976,3006,3018,3024,3029,3032,3035,3037,3048,3138,0.0849609375000001,0.000694444444444444,0.854296875,1,2
342,igqba4C0O-4,GRAEME MCDOWELL,m,driver,face-on,0,10386,10494,10505,10510,10516,10518,10522,10524,10535,10715,0.0509765625000001,0.000694444444444444,0.90703125,1,2
351,cRc8BJ0kydc,LYDIA KO,f,driver,face-on,0,151,518,537,544,554,559,563,565,589,670,0.0609375,0.000694444444444444,0.87890625,0.98125,2
359,97PIPGqXQ5o,SEI YOUNG KIM,f,driver,face-on,0,112,412,427,434,444,448,452,454,478,539,0.12265625,0.000694444444444444,0.73984375,0.979861111111111,1
363,t-DfeLMz6Rc,ADAM SCOTT,m,wedge,face-on,0,3811,4090,4112,4117,4124,4128,4132,4134,4148,4213,0.19609375,0.000694444444444444,0.665625,0.999305555555556,1
370,7AMgLiPIBhY,LEE JANZEN,m,driver,face-on,0,181,335,352,357,365,369,372,374,390,424,0.15,0.000694444444444444,0.7234375,0.964583333333333,3
372,mmf_20rpyyg,ALISON LEE,f,driver,face-on,0,541,670,691,699,708,713,717,719,739,799,0.11875,0.000694444444444444,0.80078125,0.971527777777778,3
379,4XTdsv5AI28,HENRIK STENSON,m,iron,face-on,0,1049,1100,1110,1113,1120,1124,1127,1129,1144,1189,0.11875,0.000694444444444444,0.65625,0.897916666666667,4
384,kBPAZFRWuBg,RETIEF GOOSEN,m,driver,face-on,0,143,446,467,471,479,483,486,488,508,570,0.103125,0.000694444444444444,0.75859375,0.999305555555556,2
386,ZDOgtiAmT40,HARRIS ENGLISH,m,driver,face-on,0,246,297,311,316,325,330,333,335,350,411,0.03671875,0.000694444444444444,0.90078125,0.999305555555556,3
392,Qh2U0AMzDMo,SANDRA GAL,f,driver,face-on,0,331,497,521,525,538,542,546,548,564,597,0.075,0.000694444444444444,0.74140625,1,2
408,GVHFZw_NfB8,MICHELLE WIE,f,driver,face-on,0,541,783,795,801,807,810,814,816,834,900,0.1328125,0.000694444444444444,0.66796875,0.974305555555556,1
416,F9hnIw0ZeDE,DANIELLE KANG,f,iron,face-on,0,200,396,411,415,422,427,430,433,452,491,0.21015625,0.00555555555555556,0.63828125,0.956944444444444,2
420,tK7IAn-3X9Y,SUN YOUNG YOO,f,driver,face-on,0,240,371,393,398,408,413,416,419,441,510,0.05625,0.000694444444444444,0.8609375,1,2
422,2C_7unRNoHo,TOM LEHMAN,m,driver,face-on,0,331,658,669,672,679,682,685,687,701,741,0.000390625,0.000694444444444444,0.500390625,0.995138888888889,1
423,2C_7unRNoHo,TOM LEHMAN,m,driver,face-on,0,561,657,669,672,678,682,685,687,699,742,0.503125,0.000694444444444444,0.497265625,0.999305555555556,1
434,XIzyJGDBuqc,FRED COUPLES,m,driver,face-on,0,271,404,421,426,436,440,443,445,468,528,0.1875,0.000694444444444444,0.64453125,0.950694444444444,4
435,XIzyJGDBuqc,FRED COUPLES,m,fairway,face-on,0,862,1041,1051,1055,1066,1070,1074,1075,1100,1190,0.15703125,0.000694444444444444,0.734375,1,4
439,XIzyJGDBuqc,FRED COUPLES,m,fairway,face-on,0,3369,3426,3442,3446,3457,3462,3465,3467,3486,3554,0.228125,0.000694444444444444,0.60546875,0.934027777777778,4
440,XIzyJGDBuqc,FRED COUPLES,m,driver,face-on,0,4034,4279,4298,4302,4313,4317,4321,4323,4352,4386,0.1046875,0.000694444444444444,0.75078125,0.977083333333333,4
442,XIzyJGDBuqc,FRED COUPLES,m,driver,face-on,0,6460,6473,6491,6494,6505,6509,6513,6514,6535,6595,0.16484375,0.000694444444444444,0.69296875,0.950694444444444,4
456,jbB8LaUIq1c,ADAM SCOTT,m,driver,face-on,0,1414,1725,1736,1740,1748,1752,1755,1757,1776,1808,0.071875,0.000694444444444444,0.8046875,0.975694444444444,4
462,RYylCwgEBSM,AUSTIN ERNST,f,driver,face-on,0,111,279,290,294,301,307,310,312,333,373,0.000390625,0.000694444444444444,0.834765625,0.986805555555556,3
480,9zvs0C-h8jM,BRAD FAXON,m,driver,face-on,0,91,245,259,263,270,274,278,280,296,326,0.065625,0.00277777777777778,0.79765625,0.997916666666667,3
484,sp-AnUgcfzk,SANDRA GAL,f,driver,face-on,0,211,391,411,415,427,432,435,438,455,515,0.0859375,0.000694444444444444,0.76015625,0.957638888888889,3
486,7wyt2sNgQAs,JASON DAY,m,driver,face-on,0,121,429,443,448,456,458,461,463,474,534,0.000390625,0.000694444444444444,0.498046875,0.99375,4
487,7wyt2sNgQAs,JUSTIN THOMAS,m,driver,face-on,0,354,421,439,444,453,458,461,463,475,535,0.50390625,0.000694444444444444,0.496484375,0.995138888888889,4
492,s5rhLNYwYz8,STACY LEWIS,f,driver,face-on,0,181,287,305,310,318,323,326,328,342,402,0.065625,0.000694444444444444,0.82734375,0.999305555555556,1
494,s5rhLNYwYz8,STACY LEWIS,f,driver,face-on,0,2447,2495,2510,2515,2524,2529,2532,2534,2550,2577,0.1265625,0.000694444444444444,0.51875,0.942361111111111,1
498,2Tj5jJ1Kh_Q,SANDRA GAL,f,driver,face-on,0,451,639,653,657,669,673,677,680,698,758,0.12421875,0.00416666666666667,0.71171875,0.905555555555556,4
501,2Tj5jJ1Kh_Q,SANDRA GAL,f,driver,face-on,0,3054,3296,3320,3324,3336,3340,3344,3347,3390,3450,0.15859375,0.0333333333333333,0.70625,0.936111111111111,4
506,WmdoweN6qW4,NA YEON CHOI,f,driver,face-on,0,2770,3017,3032,3039,3047,3051,3054,3057,3076,3115,0.0875,0.000694444444444444,0.72734375,0.96875,1
512,MD_My6MzYw8,YANI TSENG,f,driver,face-on,0,151,296,320,325,332,335,339,341,358,388,0.34765625,0.380555555555556,0.3484375,0.504166666666667,3
521,blonNcv1yas,TIGER WOODS,m,wedge,face-on,0,6129,6274,6286,6290,6297,6301,6304,6306,6321,6360,0.1140625,0.000694444444444444,0.67265625,0.979861111111111,1
522,WvsL3qrvC9Q,LYDIA KO,f,driver,face-on,0,331,777,792,797,807,811,814,816,842,872,0.06875,0.000694444444444444,0.84765625,1,3
532,50VXUU7YUC8,ROCCO MEDIATE,m,driver,face-on,0,271,339,359,363,373,378,381,384,407,437,0.07109375,0.000694444444444444,0.82734375,0.992361111111111,2
538,VZjg0KzKMPU,DUSTIN JOHNSON,m,driver,face-on,0,271,414,428,432,441,447,450,452,469,513,0.096875,0.000694444444444444,0.83046875,0.997916666666667,1
542,EBw9BdZmKrs,JASON DAY,m,fairway,face-on,0,186,217,231,236,244,247,250,252,266,326,0.090625,0.000694444444444444,0.82578125,0.989583333333333,1
545,EBw9BdZmKrs,JASON DAY,m,driver,face-on,0,2180,2532,2546,2552,2558,2562,2565,2567,2579,2615,0.09609375,0.000694444444444444,0.81640625,0.999305555555556,1
551,ocAGd2h9k7Q,JENNY SHIN,f,driver,face-on,0,121,477,496,501,513,518,522,524,541,571,0.0328125,0.0138888888888889,0.828125,0.956944444444444,1
561,hoq35-zbmVk,TIM TEBOW,m,driver,face-on,0,151,352,370,376,385,392,395,396,409,451,0.19453125,0.143055555555556,0.61953125,0.786111111111111,4
562,hoq35-zbmVk,TIM TEBOW,m,iron,face-on,0,813,958,972,978,986,991,995,997,1010,1044,0.27890625,0.377777777777778,0.3484375,0.541666666666667,4
564,hoq35-zbmVk,TIM TEBOW,m,driver,face-on,0,2872,3082,3098,3104,3113,3120,3122,3124,3137,3167,0.12578125,0.025,0.7078125,0.95,4
566,mYaDUseJYWA,MICHELLE WIE,f,driver,face-on,0,407,591,601,608,613,616,620,622,643,673,0.15,0.0236111111111111,0.69765625,0.925,1
579,10lx1mFw1eY,LEXI THOMPSON,f,wedge,face-on,0,686,906,920,924,933,937,940,944,969,999,0.1671875,0.0319444444444444,0.62109375,0.948611111111111,4
582,276Ec8-zeW8,COLIN MONTGOMERIE,m,driver,face-on,0,211,319,330,334,343,346,350,352,374,404,0.04921875,0.000694444444444444,0.834375,0.989583333333333,3
584,xS9NnBGgtjg,JASON DUFNER,m,driver,face-on,0,301,313,322,326,330,333,337,339,357,387,0.09609375,0.000694444444444444,0.80703125,0.972916666666667,4
612,dIXrxeI4bB0,MARK CALCAVECCHIA,m,driver,face-on,0,91,281,297,300,309,314,317,319,335,365,0.0609375,0.000694444444444444,0.85,0.996527777777778,4
618,_rFatlaZhEQ,MATT KUCHAR,m,driver,face-on,0,402,656,713,719,726,729,733,735,755,785,0.065625,0.000694444444444444,0.82734375,0.985416666666667,3
626,TTe8RcSi7Ac,MICHELLE WIE,f,iron,face-on,0,127,300,309,315,320,323,326,329,347,377,0.18125,0.140277777777778,0.63125,0.775,3
630,_qtYF0FJBWo,IN-GEE CHUN,f,driver,face-on,0,331,565,585,593,605,609,613,615,636,666,0.09140625,0.000694444444444444,0.79765625,0.996527777777778,2
640,tMUVfn7DiLI,MARK BROOKS,m,driver,face-on,0,331,424,435,441,449,455,458,460,474,521,0.03984375,0.000694444444444444,0.92890625,0.999305555555556,2
656,-x6fBaulaWU,MINJEE LEE,f,driver,face-on,0,391,552,571,580,590,594,598,600,618,661,0.034375,0.000694444444444444,0.87734375,0.997916666666667,3
672,Jc0AMy9ismo,JULIETA GRANADA,f,driver,face-on,0,121,181,196,202,210,214,218,220,237,292,0.06796875,0.000694444444444444,0.80625,1,2
674,HWiRM2LR3tk,KARRIE WEBB,f,driver,face-on,0,151,369,382,387,396,400,404,406,427,457,0.08203125,0.000694444444444444,0.7734375,1,1
678,jLGdrOYwyZs,YANI TSENG,f,driver,face-on,0,91,151,174,180,188,192,195,197,214,248,0.0671875,0.000694444444444444,0.8953125,1,1
682,bSrhzs3J9vc,RORY SABBATINI,m,driver,face-on,0,151,314,328,334,345,350,353,355,372,402,0.10546875,0.0569444444444444,0.7203125,0.936111111111111,2
693,EtRXpEF2Q_I,PORNANONG PHATLUM,f,iron,face-on,0,152,467,489,497,504,508,512,514,535,573,0.21875,0.0388888888888889,0.60234375,0.906944444444444,4
701,nYvgVXl8Ih4,CHARLEY HULL,f,driver,face-on,0,631,856,867,872,879,882,886,888,902,945,0.10859375,0.000694444444444444,0.753125,0.963194444444444,1
713,Vy-HXjf8nRs,BROOKE HENDERSON,f,iron,face-on,0,333,437,457,462,469,472,476,479,495,527,0.18515625,0.000694444444444444,0.70234375,0.997916666666667,1
731,7pOD9yIfxCU,SUZANN PETTERSEN,f,driver,face-on,0,331,571,583,588,595,599,603,605,619,656,0.0453125,0.000694444444444444,0.7890625,0.995138888888889,1
747,zFXYQ8jQbO4,ZACH JOHNSON,m,driver,face-on,0,91,135,145,151,156,158,162,164,179,223,0.184375,0.0111111111111111,0.6984375,0.929166666666667,3
755,8HJXWpyYWVE,GRAEME MCDOWELL,m,driver,face-on,0,331,429,440,446,452,454,457,459,470,506,0.000390625,0.000694444444444444,0.493359375,0.997916666666667,4
756,8HJXWpyYWVE,GRAEME MCDOWELL,m,driver,face-on,0,356,426,440,446,451,454,457,459,469,514,0.503125,0.000694444444444444,0.497265625,0.999305555555556,4
763,dqp7TGOhuMk,RYAN PALMER,m,driver,face-on,0,361,516,533,538,549,553,556,558,574,637,0.06328125,0.000694444444444444,0.80078125,0.990972222222222,2
764,dqp7TGOhuMk,RYAN PALMER,m,driver,face-on,0,817,941,962,968,978,982,986,988,1003,1066,0.0265625,0.000694444444444444,0.803125,0.995138888888889,2
773,cPdlY_s992M,PAULA CREAMER,f,driver,face-on,0,181,249,268,272,278,280,284,287,302,340,0.08125,0.000694444444444444,0.84140625,0.975694444444444,3
777,mGkBhRI3bgU,CARLOTA CIGANDA,f,fairway,face-on,0,151,363,381,384,394,399,402,404,426,464,0.11015625,0.000694444444444444,0.80703125,0.975694444444444,1
781,dodETKV2Xpg,ANNA NORDQVIST,f,driver,face-on,0,361,496,511,518,524,528,532,535,549,595,0.09921875,0.000694444444444444,0.7984375,0.986805555555556,3
785,0rliVha14ZQ,BILLY HORSCHEL,m,driver,face-on,0,211,396,414,419,425,429,432,434,449,483,0.04921875,0.000694444444444444,0.84296875,0.979861111111111,4
789,mWFBQ7J94k8,MINJEE LEE,f,driver,face-on,0,91,177,191,200,209,214,217,219,236,266,0.15390625,0.000694444444444444,0.778125,1,2
791,MiPq0zmI_Bo,RORY MCILROY,m,driver,face-on,0,181,406,416,419,426,431,434,435,449,509,0.1625,0.000694444444444444,0.7046875,0.967361111111111,3
796,skkF2JsuLWM,BUBBA WATSON,m,iron,face-on,0,684,822,832,835,844,849,853,855,874,910,0.16640625,0.000694444444444444,0.6609375,0.938194444444444,1
800,skkF2JsuLWM,BUBBA WATSON,m,iron,face-on,0,3315,3362,3373,3375,3386,3391,3394,3396,3409,3469,0.13828125,0.000694444444444444,0.79765625,0.972916666666667,1
801,skkF2JsuLWM,BUBBA WATSON,m,driver,face-on,0,4219,4417,4428,4430,4441,4447,4450,4451,4465,4532,0.17265625,0.000694444444444444,0.76015625,0.945138888888889,1
803,OZN3Q6hvki4,CHARLEY HOFFMAN,m,driver,face-on,0,121,267,280,286,291,294,298,300,322,355,0.1625,0.0222222222222222,0.67890625,0.95,2
822,OETl6rzcnHw,JESSICA KORDA,f,driver,face-on,0,331,542,560,568,577,582,585,588,608,615,0.11015625,0.000694444444444444,0.7484375,0.960416666666667,1
828,ykkf5tFTBWM,BROOKE HENDERSON,f,iron,face-on,0,61,402,421,425,432,435,439,441,455,486,0.19296875,0.000694444444444444,0.61796875,0.990972222222222,2
829,ykkf5tFTBWM,BROOKE HENDERSON,f,iron,face-on,0,816,832,905,922,947,961,975,985,1027,1057,0.19609375,0.000694444444444444,0.615625,0.985416666666667,2
830,CuAL_6U7_aQ,TIGER WOODS,m,driver,face-on,0,661,845,857,860,867,871,874,876,893,927,0.18984375,0.000694444444444444,0.6875,0.947916666666667,4
836,Jefb7VSmGZA,GRAHAM DELAET,m,driver,face-on,0,155,329,340,343,350,355,358,360,373,409,0.103125,0.000694444444444444,0.76171875,0.984027777777778,4
842,zeoTQLK5Sx0,LUKE DONALD,m,driver,face-on,0,242,460,475,479,486,491,494,496,520,558,0.15546875,0.025,0.621875,0.940277777777778,1
844,O0zE8X243hM,BRITTANY LINCICOME,f,driver,face-on,0,121,210,249,254,259,261,265,267,284,318,0.1171875,0.000694444444444444,0.75859375,1,1
846,oUhrQAew7yA,INBEE PARK,f,driver,face-on,0,476,537,565,579,592,596,600,602,632,667,0.15234375,0.0638888888888889,0.66015625,0.876388888888889,3
849,q38tguX7TsU,JERRY KELLY,m,driver,face-on,0,121,403,419,425,433,437,440,442,457,505,0.11171875,0.000694444444444444,0.7359375,0.975694444444444,2
856,ghi3184d6Is,LYDIA KO,f,driver,face-on,0,352,382,405,412,423,427,430,432,456,464,0.5046875,0.000694444444444444,0.495703125,1,2
859,ghi3184d6Is,LYDIA KO,f,driver,face-on,0,3797,4275,4302,4309,4318,4321,4325,4327,4347,4356,0.000390625,0.000694444444444444,0.495703125,0.997916666666667,2
869,6yLSmWjSXQQ,SEAN OHAIR,m,driver,face-on,0,151,312,330,336,345,351,355,357,372,413,0.059375,0.000694444444444444,0.8375,0.997916666666667,3
875,fWM_dBAHGWA,MATT KUCHAR,m,driver,face-on,0,301,550,593,599,605,609,613,615,637,672,0.1140625,0.000694444444444444,0.76796875,0.999305555555556,4
877,htF1nwyL3Dc,MICHELLE WIE,f,driver,face-on,0,211,538,550,556,561,565,568,570,588,598,0.08828125,0.000694444444444444,0.79921875,0.986805555555556,4
885,bw5cgYFkI-E,CRISTIE KERR,f,driver,face-on,0,511,697,716,718,730,735,739,741,759,794,0.08203125,0.000694444444444444,0.84609375,0.978472222222222,1
889,gboBLW7zKk0,JUSTIN LEONARD,m,driver,face-on,0,669,670,684,689,695,700,703,705,722,760,0.03359375,0.000694444444444444,0.9515625,0.98125,1
893,fakAB-IXtsA,GREG NORMAN,m,driver,face-on,0,421,467,480,483,491,496,499,501,514,549,0.08125,0.000694444444444444,0.8265625,0.997916666666667,3
899,IAHRiso4kfQ,HEE YOUNG PARK,f,wedge,face-on,0,211,426,441,448,455,460,463,467,484,519,0.21171875,0.000694444444444444,0.60859375,1,3
907,hJrTGY8MIww,LIZETTE SALAS,f,driver,face-on,0,181,391,408,414,421,424,428,430,447,481,0.1203125,0.000694444444444444,0.784375,0.970138888888889,4
909,lJTm53jHTiY,KARINE ICHER,f,driver,face-on,0,31,49,62,66,77,83,87,89,104,144,0.1375,0.05,0.63671875,0.927777777777778,1
911,-wg8m-A0hx4,JENNY SHIN,f,driver,face-on,0,154,156,182,186,196,201,205,207,225,288,0.08125,0.000694444444444444,0.76640625,0.970138888888889,4
913,b8KZ5HsS2TM,BAEK KYU JUNG,f,driver,face-on,0,543,647,660,669,674,678,682,684,705,739,0.1109375,0.000694444444444444,0.7484375,0.986805555555556,2
919,FvrTiYg-Qtg,SEAN OHAIR,m,driver,face-on,0,181,431,447,454,461,467,470,472,486,524,0.12890625,0.000694444444444444,0.74140625,1,1
925,0PuF8duUo1A,LEXI THOMPSON,f,iron,face-on,0,121,251,264,268,276,281,284,288,313,348,0.1640625,0.000694444444444444,0.69296875,0.997916666666667,4
933,D12euvW55Ns,CATRIONA MATTHEW,f,hybrid,face-on,0,181,334,351,355,362,365,369,371,390,425,0.1109375,0.000694444444444444,0.75234375,0.98125,1
935,iwarijSolDQ,MICHELLE WIE,f,driver,face-on,0,241,451,464,470,477,482,486,488,505,541,0.15234375,0.000694444444444444,0.68671875,0.975694444444444,4
947,NQTJRpxVilk,JONAS BLIXT,m,driver,face-on,0,2444,2866,2877,2881,2887,2891,2895,2896,2913,2953,0.07734375,0.000694444444444444,0.7953125,0.999305555555556,1
961,XaEi4dlP8J0,MORIYA JUTANUGARN,f,driver,face-on,0,301,537,558,564,572,576,580,582,601,657,0.12734375,0.000694444444444444,0.72890625,0.992361111111111,2
969,MsvKZZGW4AY,MORGAN PRESSEL,f,driver,face-on,0,61,244,261,265,273,278,282,284,305,342,0.1109375,0.000694444444444444,0.72421875,0.985416666666667,3
971,_QCr-j75SFM,GARY WOODLAND,m,driver,face-on,0,121,345,367,373,382,386,389,391,407,444,0.13515625,0.000694444444444444,0.75625,0.95625,4
975,fLR32wSyqGE,HEE YOUNG PARK,f,driver,face-on,0,151,319,333,339,346,350,354,356,378,402,0.11796875,0.000694444444444444,0.73671875,0.972916666666667,3
977,RokH4k9i_4w,MICHELLE WIE,f,fairway,face-on,0,391,737,750,756,761,764,768,770,793,841,0.1859375,0.0430555555555556,0.58125,0.948611111111111,3
985,1OOqvNPDsDA,LYDIA KO,f,fairway,face-on,0,91,691,714,720,730,735,738,740,759,792,0.084375,0.000694444444444444,0.83125,1,4
991,H52Pbn0cE0M,SEI YOUNG KIM,f,driver,face-on,0,121,295,311,318,330,335,338,340,365,403,0.06171875,0.000694444444444444,0.7671875,0.989583333333333,4
995,9a4LQfePtI4,TONY FINAU,m,iron,face-on,0,601,1031,1065,1071,1075,1078,1082,1085,1099,1134,0.2359375,0.000694444444444444,0.71015625,0.924305555555556,1
1003,Shk6obgJMsE,JUSTIN THOMAS,m,driver,face-on,0,181,372,409,413,423,428,431,432,444,478,0.10546875,0.000694444444444444,0.8,0.98125,4
1005,Wn3obaYjqvk,PAULA CREAMER,f,driver,face-on,0,181,331,351,355,362,366,369,372,389,422,0.0890625,0.000694444444444444,0.7953125,0.978472222222222,4
1007,oZcyBgK-mbM,ARIYA JUTANUGARN,f,fairway,face-on,0,151,168,189,195,203,207,210,213,235,265,0.11953125,0.000694444444444444,0.7328125,0.982638888888889,2
1011,pNHrU8hpnWo,BRANDT SNEDEKER,m,iron,face-on,0,241,373,383,388,394,398,401,403,424,462,0.13515625,0.000694444444444444,0.69765625,0.982638888888889,2
1013,a8sz0AGo3-k,PETER JACOBSON,m,driver,face-on,0,451,508,521,524,533,538,542,544,560,596,0.08515625,0.000694444444444444,0.75234375,0.986805555555556,2
1014,a8sz0AGo3-k,PETER JACOBSON,m,iron,face-on,0,926,1045,1057,1060,1068,1074,1077,1079,1097,1131,0.0796875,0.000694444444444444,0.83671875,0.997916666666667,2
1015,a8sz0AGo3-k,PETER JACOBSON,m,iron,face-on,0,1491,1649,1660,1664,1672,1678,1681,1684,1705,1738,0.178125,0.000694444444444444,0.66875,0.974305555555556,2
1022,XlAFMyH32ng,JOHN DALY,m,driver,face-on,0,91,228,242,245,254,258,262,263,280,316,0.16875,0.0319444444444444,0.6703125,0.95,2
1028,K_Z-c4_e98M,PATRICK RODGERS,m,driver,face-on,0,151,191,202,205,212,217,220,222,235,268,0.0875,0.000694444444444444,0.8109375,0.954861111111111,4
1030,agPV5TKeJuA,AMELIA LEWIS,f,driver,face-on,0,151,389,404,410,418,422,426,428,449,482,0.0546875,0.000694444444444444,0.83515625,0.989583333333333,1
1032,3wLk27z0Yvk,LYDIA KO,f,driver,face-on,0,211,679,708,714,723,727,731,733,753,783,0.50078125,0.000694444444444444,0.499609375,0.996527777777778,3
1040,2cD6CPZhiEY,BRANDT SNEDEKER,m,driver,face-on,0,121,162,172,176,182,187,190,192,208,240,0.0515625,0.000694444444444444,0.81875,0.975694444444444,2
1044,gdoWMR-tauc,AZAHARA MUNOZ,f,driver,face-on,0,241,357,370,375,382,387,391,394,416,450,0.09453125,0.0152777777777778,0.76875,0.972222222222222,2
1050,wrvEURqD-GI,PHIL MICKELSON,m,fairway,face-on,0,181,247,269,272,280,285,288,290,306,345,0.0921875,0.000694444444444444,0.8125,0.990972222222222,2
1051,wrvEURqD-GI,PHIL MICKELSON,m,wedge,face-on,0,597,663,674,678,683,687,692,696,708,742,0.10078125,0.000694444444444444,0.74140625,0.977083333333333,2
1055,wrvEURqD-GI,PHIL MICKELSON,m,fairway,face-on,0,4279,4335,4345,4349,4357,4362,4365,4367,4384,4421,0.1015625,0.000694444444444444,0.83046875,0.989583333333333,2
1063,3dY8wZdR9R8,SUNG HYUN PARK,f,iron,face-on,0,361,649,660,665,674,679,682,684,702,736,0.203125,0.00555555555555556,0.7046875,0.940277777777778,2
1069,lAzblCZBMhs,SCOTT MCCARRON,m,fairway,face-on,0,181,446,456,460,467,470,474,476,491,529,0.10078125,0.000694444444444444,0.78359375,0.960416666666667,2
1075,UoshlPscc2U,TOBY KEITH,m,driver,face-on,0,384,473,496,501,506,511,514,517,526,565,0.053125,0.000694444444444444,0.7859375,0.986805555555556,3
1078,bF89h31EEzg,LEXI THOMPSON,f,driver,face-on,0,107,137,150,154,163,167,170,172,196,230,0.000390625,0.000694444444444444,0.494921875,0.947916666666667,2
1088,K_7S-uYul_M,PERNILLA LINDBERG,f,driver,face-on,0,211,363,380,385,393,400,403,405,429,464,0.08828125,0.000694444444444444,0.77890625,0.96875,1
1090,nabZv01cv4Y,ARIYA JUTANUGARN,f,iron,face-on,0,271,458,479,485,492,495,499,502,521,556,0.15,0.000694444444444444,0.69921875,0.99375,3
1100,H9MWcs3YS-I,TIGER WOODS,m,iron,face-on,0,271,457,470,473,479,484,487,489,505,539,0.16015625,0.000694444444444444,0.6984375,0.98125,3
1104,H9MWcs3YS-I,TIGER WOODS,m,driver,face-on,0,3825,4037,4049,4052,4059,4063,4066,4068,4085,4119,0.19375,0.000694444444444444,0.709375,0.952083333333333,3
1105,AnYxuyhVv_E,BILLY ANDRADE,m,driver,face-on,0,421,508,520,524,534,539,543,545,559,593,0.07421875,0.000694444444444444,0.85546875,0.964583333333333,4
1109,CB4m9LPVBbM,MINJEE LEE,f,iron,face-on,0,181,325,340,350,360,364,368,370,384,420,0.196875,0.000694444444444444,0.68046875,0.963194444444444,1
1113,Q6yJx7HFlSg,AI MIYAZATO,f,driver,face-on,0,4003,4181,4220,4225,4250,4258,4261,4263,4292,4329,0.07890625,0.000694444444444444,0.76171875,0.984027777777778,3
1125,Q_5DsrFRkUo,LEE WESTWOOD,m,driver,face-on,0,151,696,714,722,730,733,736,738,762,802,0.0859375,0.000694444444444444,0.7953125,1,3
1129,IVRbQrq2JHo,MICHELLE WIE,f,fairway,face-on,0,61,206,218,224,230,233,237,239,258,296,0.215625,0.0680555555555555,0.565625,0.916666666666667,2
1143,IVRbQrq2JHo,MICHELLE WIE,f,fairway,face-on,0,4966,5262,5275,5281,5286,5289,5292,5295,5316,5353,0.178125,0.000694444444444444,0.596875,0.990972222222222,2
1145,CuBNYn0WgLs,J B HOLMES,m,fairway,face-on,0,91,270,283,287,293,298,301,303,321,363,0.234375,0.0680555555555555,0.5375,0.855555555555556,1
1160,l7cMgwX8EEg,BEATRIZ RECARI,f,hybrid,face-on,0,61,415,438,443,450,454,458,460,472,509,0.1265625,0.000694444444444444,0.81015625,0.963194444444444,1
1162,z7TK1hNRDLE,JAYE MARIE GREEN,f,driver,face-on,0,241,331,354,361,369,376,379,382,400,434,0.08984375,0.000694444444444444,0.8328125,0.961805555555556,2
1164,7F2rA0oXNo0,BRYSON DECHAMBEAU,m,driver,face-on,0,511,787,804,807,814,820,823,825,841,877,0.08203125,0.000694444444444444,0.82734375,0.971527777777778,2
1166,4T3MxysSIA4,CAMERON TRINGALE,m,driver,face-on,0,601,718,736,740,748,753,756,758,782,820,0.0953125,0.000694444444444444,0.8140625,0.971527777777778,4
1178,kpOxo9HVG80,BROOKE HENDERSON,f,iron,face-on,0,301,684,697,701,708,713,716,719,738,773,0.1453125,0.000694444444444444,0.79140625,0.996527777777778,1
1180,bMVf3lKrUlo,BERNHARD LANGER,m,iron,face-on,0,271,407,426,429,435,439,442,444,466,501,0.075,0.000694444444444444,0.8203125,0.997916666666667,4
1181,bMVf3lKrUlo,BERNHARD LANGER,m,driver,face-on,0,785,909,920,923,929,933,936,938,959,993,0.000390625,0.000694444444444444,0.866796875,0.997916666666667,4
1184,bMVf3lKrUlo,BERNHARD LANGER,m,driver,face-on,0,2267,2545,2561,2564,2570,2574,2578,2580,2601,2636,0.02890625,0.000694444444444444,0.84375,0.985416666666667,4
1187,bMVf3lKrUlo,BERNHARD LANGER,m,driver,face-on,0,4825,5174,5193,5196,5202,5206,5209,5211,5236,5273,0.0390625,0.000694444444444444,0.8640625,0.978472222222222,4
1195,yKhy2SU8riw,CHELLA CHOI,f,driver,face-on,0,211,584,607,614,622,626,630,633,654,688,0.14375,0.000694444444444444,0.71953125,0.950694444444444,2
1199,uTEJGrSBxWg,SYDNEE MICHAELS,f,driver,face-on,0,91,375,391,395,404,408,412,414,434,468,0.03359375,0.000694444444444444,0.8640625,0.978472222222222,2
1207,UoRF8meIAUc,LYDIA KO,f,driver,face-on,0,122,286,307,315,325,331,335,337,358,391,0.000390625,0.000694444444444444,0.312109375,0.95625,4
1209,UoRF8meIAUc,LYDIA KO,f,driver,face-on,0,3449,3589,3609,3616,3628,3632,3636,3638,3659,3694,0.000390625,0.000694444444444444,0.308203125,0.921527777777778,4
1217,YAVRKae2L70,HARRIS ENGLISH,m,driver,face-on,0,391,522,536,541,549,555,558,560,579,613,0.04921875,0.000694444444444444,0.89296875,0.974305555555556,1
1235,1arb_a_Ik8c,JUSTIN THOMAS,m,driver,face-on,0,241,611,643,647,656,662,665,667,679,713,0.071875,0.000694444444444444,0.83984375,0.964583333333333,4
1237,JjGcpAvW-ks,RICKIE FOWLER,m,driver,face-on,0,211,428,438,443,449,453,456,458,476,513,0.16875,0.000694444444444444,0.6796875,0.960416666666667,3
1245,SVM8DLYNeK0,JEFF MAGGERT,m,iron,face-on,0,91,164,176,182,187,189,193,195,218,255,0.17734375,0.000694444444444444,0.62578125,0.942361111111111,3
1249,fr9nLc2Q170,SO YEON RYU,f,driver,face-on,0,151,346,364,376,384,388,392,394,413,448,0.11640625,0.000694444444444444,0.72734375,0.99375,3
1253,Kh6v4ZjWPTA,BROOKE HENDERSON,f,driver,face-on,0,241,519,537,541,551,554,558,560,577,610,0.08828125,0.000694444444444444,0.81171875,0.947916666666667,2
1255,O_lgwaX5tS0,PERNILLA LINDBERG,f,wedge,face-on,0,3598,3659,3674,3679,3686,3690,3695,3697,3720,3753,0.11484375,0.000694444444444444,0.5140625,0.847916666666667,2
1256,O_lgwaX5tS0,PERNILLA LINDBERG,f,wedge,face-on,0,4173,4259,4272,4277,4284,4288,4293,4295,4317,4351,0.11171875,0.000694444444444444,0.6796875,0.979861111111111,2
1258,ewStHemaHqo,JASON DUFNER,m,driver,face-on,0,301,599,609,613,617,620,624,626,643,682,0.08984375,0.000694444444444444,0.7984375,0.982638888888889,1
1270,ZvK6LdFV7-s,BROOKE HENDERSON,f,fairway,face-on,0,451,675,692,696,704,708,712,714,728,762,0.08984375,0.000694444444444444,0.85390625,0.977083333333333,4
1278,1a2QrnvBUuI,TONY FINAU,m,driver,face-on,0,241,445,479,484,489,491,495,496,513,547,0.03125,0.000694444444444444,0.92109375,0.996527777777778,3
1290,Kbow-hEJoe0,CHARLEY HULL,f,driver,face-on,0,121,255,267,271,277,282,285,287,299,336,0.0984375,0.000694444444444444,0.8078125,0.963194444444444,2
1293,c2zzaiV49fE,DANIEL BERGER,m,driver,face-on,0,451,514,526,531,539,545,548,549,562,622,0.06953125,0.000694444444444444,0.76640625,0.974305555555556,3
1303,oGTKW_UbusM,TIGER WOODS,m,iron,face-on,0,871,1082,1094,1097,1105,1108,1111,1113,1129,1249,0.1203125,0.000694444444444444,0.71015625,0.990972222222222,4
1323,KkB9KbBTb4c,ALISON LEE,f,driver,face-on,0,391,522,542,549,557,562,566,569,588,648,0.07421875,0.000694444444444444,0.8171875,0.975694444444444,2
1329,fCcXYimrIek,AI MIYAZATO,f,driver,face-on,0,61,113,143,151,171,178,182,184,219,339,0.12109375,0.000694444444444444,0.7609375,0.959027777777778,2
1340,Cf3vKhXDY8w,PAULA CREAMER,f,driver,face-on,0,2592,2767,2789,2793,2800,2803,2807,2809,2826,2861,0.1,0.000694444444444444,0.77109375,0.999305555555556,1
1342,TryQmcs5b6g,GERINA PILLER,f,driver,face-on,0,181,329,344,349,356,360,364,366,389,449,0.1203125,0.000694444444444444,0.7796875,0.967361111111111,1
1348,Yigxi0Oc5V4,BEN ROETHLISBERGER,m,driver,face-on,0,331,566,581,586,594,600,603,605,620,654,0.06640625,0.000694444444444444,0.77109375,0.988194444444444,2
1352,9Ifs0EQmRZk,BEATRIZ RECARI,f,driver,face-on,0,271,465,482,487,494,497,501,504,523,557,0.0625,0.000694444444444444,0.83828125,0.996527777777778,2
1354,CIp9Se3HFm0,XI YU LIN,f,iron,face-on,0,631,996,1012,1020,1029,1034,1037,1039,1072,1111,0.2109375,0.000694444444444444,0.5828125,0.984027777777778,4
1368,wUjEccLSfrY,CHARLEY HULL,f,fairway,face-on,0,2308,2368,2380,2385,2392,2396,2399,2402,2416,2452,0.000390625,0.000694444444444444,0.498828125,0.999305555555556,3
1370,g90r9cs1tTw,SARAH JANE SMITH,f,iron,face-on,0,181,347,360,364,369,372,375,378,397,464,0.1515625,0.000694444444444444,0.68046875,0.957638888888889,4
1372,eNlBbMI-MhQ,MI HYANG LEE,f,iron,face-on,0,241,664,683,688,698,705,708,710,730,768,0.2203125,0.000694444444444444,0.64140625,0.985416666666667,2
1374,6K1FD0sOwoI,ALISON LEE,f,driver,face-on,0,151,420,444,451,459,464,468,471,491,524,0.140625,0.000694444444444444,0.7171875,0.960416666666667,2
1388,GXn3A0IuWsE,ROGER CLEMENS,m,driver,face-on,0,211,255,265,270,276,280,284,286,297,331,0.12109375,0.0958333333333333,0.65703125,0.888888888888889,1
1396,TtxGGIzrqWI,KENNY PERRY,m,driver,face-on,0,121,394,407,414,427,431,435,437,452,485,0.16796875,0.000694444444444444,0.7171875,0.985416666666667,3
